<?xml version="1.0"?>
<class>
<LEVEL3>
 <Amountofcolumns>30</Amountofcolumns>
 <Amountoflines>16</Amountoflines>
 <Monsterspeed>3</Monsterspeed>
 <Amountoflifes>3</Amountoflifes>
 <Amountofordinarybombs>8</Amountofordinarybombs>
 <Amountofremotebombs>5</Amountofremotebombs>
 <Amountofhusarswings>0</Amountofhusarswings>
 <Amountoflasers>0</Amountoflasers>
 <Amountofkeys>0</Amountofkeys>
 <LevelTime>360</LevelTime>







 <row>N_ NG S_ S_ SI S_ S_ SI SI SI S_ S_ S_ S_ SI S_ SI S_ S_ S_ S_ S_ S_ S_ S_ S_ S_ S_ S_ S_</row>
 <row>N_ NW N_ SI SI NW NW N_ N_ N_ N_ NW N_ N_ N_ N_ S_ N_ N_ N_ NW NW N_ N_ N_ N_ NW N_ N_ N_</row>
 <row>N_ SI N_ SD S_ S_ S_ S_ S_ S_ S_ S_ S_ S_ S_ S_ S_ S_ S_ S_ S_ S_ S_ S_ S_ S_ S_ S_ S_ S_</row>
 <row>N_ NW N_ N_ N_ NW NW N_ N_ N_ N_ NW N_ N_ N_ N_ S_ N_ N_ N_ NW NW N_ N_ N_ N_ NW N_ N_ N_</row>
 <row>S_ S_ S_ SK S_ S_ S_ S_ S_ S_ S_ S_ S_ S_ S_ S_ S_ S_ N_ N_ NW NW N_ N_ N_ N_ NW N_ N_ N_</row>
 <row>N_ S_ S_ S_ S_ S_ S_ S_ S_ S_ S_ S_ S_ S_ S_ S_ S_ N_ N_ N_ NW NW N_ N_ N_ N_ NW N_ N_ N_</row>
 <row>N_ NW N_ SI SI NW NW N_ N_ N_ N_ NW N_ N_ N_ N_ S_ N_ N_ N_ NW NW N_ N_ N_ N_ NW N_ N_ N_</row>
 <row>N_ NW N_ S_ S_ S_ S_ S_ S_ S_ S_ S_ S_ S_ S_ S_ S_ N_ N_ N_ NW NW N_ N_ N_ N_ NW N_ N_ N_</row>
 <row>N_ B_ B_ N_ N_ N_ B_ N_ B_ B_ B_ B_ N_ B_ B_ B_ N_ B_ N_ B_ B_ B_ N_ B_ N_ N_ NW N_ N_ N_</row>
 <row>N_ B_ N_ B_ N_ B_ B_ N_ B_ N_ N_ B_ N_ B_ N_ N_ N_ B_ N_ B_ NW NW N_ B_ N_ N_ NW B_ N_ N_</row>
 <row>N_ B_ N_ N_ B_ N_ B_ N_ B_ N_ N_ B_ N_ B_ N_ N_ N_ B_ N_ B_ NW NW N_ B_ N_ N_ B_ N_ N_ N_</row>
 <row>N_ B_ N_ N_ N_ N_ B_ N_ B_ B_ B_ B_ N_ B_ N_ N_ N_ B_ N_ B_ NW NW N_ B_ N_ B_ NW N_ N_ N_</row>
 <row>N_ B_ N_ N_ N_ NW B_ N_ B_ N_ N_ B_ N_ B_ N_ N_ N_ B_ N_ B_ B_ B_ N_ B_ B_ N_ NW N_ N_ N_</row>
 <row>N_ B_ N_ N_ N_ NW B_ N_ B_ N_ N_ B_ N_ B_ N_ N_ N_ B_ N_ B_ N_ N_ N_ B_ N_ B_ NW N_ N_ N_</row>
 <row>N_ B_ N_ N_ N_ NW B_ N_ B_ N_ N_ B_ N_ B_ N_ N_ N_ B_ N_ B_ NW NW N_ B_ N_ N_ B_ N_ N_ N_</row>
 <row>N_ B_ N_ N_ N_ NW B_ N_ B_ N_ N_ B_ N_ B_ B_ B_ N_ B_ N_ B_ B_ B_ N_ B_ N_ N_ NW B_ N_ N_</row>
 <row>S_ S_ S_ S_ S_ S_ S_ S_ S_ S_ S_ S_ S_ S_ S_ S_ S_ S_ N_ N_ NW NW N_ N_ N_ N_ NW N_ N_ N_</row>


</LEVEL3>
</class>