<?xml version="1.0"?>
<class>
<LEVEL1>
 <Amountofcolumns>15</Amountofcolumns>
 <Amountoflines>15</Amountoflines>
 <Monsterspeed>3</Monsterspeed>
 <Amountoflifes>11</Amountoflifes>
 <Amountofordinarybombs>10</Amountofordinarybombs>
 <Amountofremotebombs>15</Amountofremotebombs>
 <Amountofhusarswings>3</Amountofhusarswings>
 <Amountoflasers>0</Amountoflasers>
 <Amountofkeys>0</Amountofkeys>
 <LevelTime>10000</LevelTime>

 <row>N_ NG N_ N_ N_ NW NW N_ N_ N_ N_ NW N_ N_ N_</row>
 <row>N_ N_ N_ B_ S_ S_ SI S_ S_ B_ B_ B_ B_ S_ S_</row>
 <row>N_ B_ S_ B_ SI SI S_ SI S_ B_ S_ S_ S_ s_ S_</row>
 <row>N_ N_ N_ N_ N_ N_ N_ N_ N_ N_ S_ S_ S_ S_ S_</row>
 <row>N_ S_ SI S_ S_ S_ N_ N_ N_ N_ S_ S_ S_ S_ S_</row>
 <row>NW N_ N_ S_ S_ S_ N_ N_ N_ N_ N_ NW N_ N_ N_</row>
 <row>N_ N_ N_ B_ SI S_ N_ N_ N_ B_ B_ B_ B_ S_ S_</row>
 <row>N_ S_ S_ B_ S_ S_ N_ N_ N_ N_ S_ S_ S_ s_ S_</row>
 <row>N_ S_ S_ S_ S_ S_ S_ S_ S_ S_ S_ S_ S_ S_ S_</row>
 <row>N_ S_ S_ S_ S_ S_ S_ S_ S_ S_ S_ S_ S_ S_ S_</row>
 <row>N_ N_ N_ S_ S_ S_ S_ S_ S_ N_ N_ NW N_ N_ N_</row>
 <row>NW N_ N_ B_ S_ S_ S_ S_ S_ B_ B_ B_ B_ B_ S_</row>
 <row>N_ S_ S_ B_ S_ S_ S_ S_ S_ B_ S_ S_ S_ s_ S_</row>
 <row>N_ S_ S_ S_ S_ S_ S_ S_ S_ B_ S_ S_ S_ S_ S_</row>
 <row>SK S_ S_ S_ S_ S_ S_ S_ S_ B_ S_ S_ S_ S_ SD</row>

</LEVEL1>
</class>