<?xml version="1.0"?>
<class>
<LEVEL2>
 <Amountofcolumns>6</Amountofcolumns>
 <Amountoflines>6</Amountoflines>
 <Monsterspeed>3</Monsterspeed>
 <Amountoflifes>10</Amountoflifes>
 <Amountofordinarybombs>8</Amountofordinarybombs>
 <Amountofremotebombs>5</Amountofremotebombs>
 <Amountofhusarswings>0</Amountofhusarswings>
 <Amountoflasers>0</Amountoflasers>
 <Amountofkeys>0</Amountofkeys>
 <LevelTime>240</LevelTime>

 <row>N_ NG SI NW SD SI</row>
 <row>SI SD SI SI SI SI</row>
 <row>SI SI SI SI SI SI</row>
 <row>SI SI SI SI SI SI</row>
 <row>SI SI SI SI SI SI</row>
 <row>SK S_ S_ S_ S_ SD</row>


</LEVEL2>
</class>