<?xml version="1.0"?>
<class>
 <PolandBall>src//GameGraphics//PolandBall.png</PolandBall>
 <NaziBall>src//GameGraphics//NaziBall.png</NaziBall>
 <TurkeyBall>src//GameGraphics//TurkeyBall.png</TurkeyBall>
 <SovietBall>src//GameGraphics//SovietBall.png</SovietBall>
 <Skrzynka>src//GameGraphics//Skrzynka.png</Skrzynka>
 <Beton>src//GameGraphics//Beton.png</Beton>
 <Door>src//GameGraphics//Door.png</Door>
 <Key>src//GameGraphics//Key.png</Key>
 <Normal_bomb>src//GameGraphics//Normal_bomb.gif</Normal_bomb>
 <Explosion>src//GameGraphics//Explosion-animation.gif</Explosion>
 <Background>src//GameGraphics//Commonwealth-Tangle.png</Background>
</class>

